start,end,_1_What_is_your_age,_2_What_is_your_level_of_education,_3_How_many_years_have_you_been_engaged_in_strawberry_farming,_4_4_How_large_is_your_strawberry_farm,_5_5_Are_you_a_member_of_any_farmer_network_or_association,_6_6_How_often_do_you_attend_meetings_or_activities_organized_by_your_farmer_association,_7_7_Do_you_think_being_a_part_of_a_farmer_network_has_improved_your_farming_practices,_8_8_How_do_you_rate_the_support_you_receive_from_farmer_associations_in_terms_of_resources,_9_How_much_do_you_trust_other_strawberry_farmers_in_your_community,_10_How_often_do_you_exchange_farming_information_with_other_farmers,_11_Do_you_believe_the_information_shared_by_other_farmers_has_positively_impacted_your_strawberry_yields,_12_How_willing_are_you_to_share_your_own_farming_knowledge_with_other_strawberry_farmers,_13_Do_you_participate_in_any_group_activities_related_to_strawberry_farming,_14_How_often_does_your_community_engage_in_collective_action_to_solve_agricultural_challenges,_15_How_effective_has_collective_action_been_in_improving_strawberry_farming_outcomes_in_your_community,_16_Does_your_community_provide_any_form_of_support_during_farming_crises,_17_Do_you_use_organic_or_ecological_farming_practices,_18_How_satisfied_are_you_with_the_quality_of_your_soil_and_land_for_strawberry_farming,_19_How_accessible_are_agricultural_resources_in_your_region,_20_Have_you_received_any_formal_training_on_sustainable_strawberry_farming_techniques,_21_How_would_you_describe_your_strawberry_yields_over_the_past_year,_22_Has_your_strawberry_yield_increased_or_decreased_over_the_past_3_years,_23_What_do_you_think_is_the_most_significant_factor_limiting_your_strawberry_yields,_24_How_would_you_describe_your_strawberry_yields_over_the_past year,,,,,,,,_tags,_notes
2024-11-11T20:09:36.499+03:00,2024-11-12T10:09:16.276+03:00,30_40,primary,2_5_years,1_3_acres,no,,,,not_at_all,occasionally,slightly,very_willing,no,,not_effective,no,yes,very_satisfied,moderately_accessible,no,very_low,decreased,lack_of_access_to_resources,moderately,,,,,,,,,
2024-11-11T20:15:12.300+03:00,2024-11-11T21:02:35.240+03:00,41_50,secondary,less_than_2_years,4_6_acres,yes,occasionally,moderately,good,moderately,occasionally,slightly,very_willing,yes,occasionally,moderately_effective,no,yes,moderately_satisfied,moderately_accessible,no,moderate,decreased,lack_of_access_to_resources,significantly,,,,,,,,,
2024-11-12T10:15:07.211+03:00,2024-11-12T10:16:53.126+03:00,above_50,no_formal_education,6_10_years,4_6_acres,no,,,,slightly,never,slightly,slightly_willing,no,,not_effective,no,no,very_satisfied,moderately_accessible,no,very_low,decreased,lack_of_access_to_resources,moderately,,,,,,,,,
2024-11-12T10:16:53.169+03:00,2024-11-12T10:30:05.662+03:00,41_50,secondary,2_5_years,1_3_acres,no,,,,moderately,occasionally,significantly,very_willing,no,,not_effective,no,no,very_satisfied,slightly_accessible,no,low,decreased,climate_factors,significantly,,,,,,,,,
2024-11-12T10:19:00.579+03:00,2024-11-12T10:20:20.801+03:00,below_30,secondary,2_5_years,1_3_acres,no,,,,slightly,never,not_at_all,slightly_willing,no,,not_effective,no,yes,very_satisfied,not_accessible,no,very_low,decreased,lack_of_information_exchange,significantly,,,,,,,,,
2024-11-12T10:20:20.840+03:00,2024-11-12T10:21:47.365+03:00,above_50,no_formal_education,6_10_years,1_3_acres,no,,,,not_at_all,never,not_at_all,very_willing,no,,not_effective,no,no,very_satisfied,moderately_accessible,no,very_low,decreased,lack_of_access_to_resources,significantly,,,,,,,,,
2024-11-12T10:21:47.422+03:00,2024-11-12T10:25:13.230+03:00,30_40,secondary,6_10_years,1_3_acres,no,,,,not_at_all,never,not_at_all,slightly_willing,no,,not_effective,no,yes,very_satisfied,moderately_accessible,no,very_low,decreased,lack_of_information_exchange,significantly,,,,,,,,,
2024-11-12T10:25:13.263+03:00,2024-11-12T10:26:56.565+03:00,above_50,no_formal_education,6_10_years,4_6_acres,no,,,,moderately,never,slightly,moderately_willing,yes,rarely,slightly_effective,no,yes,moderately_satisfied,moderately_accessible,no,very_low,decreased,lack_of_information_exchange,significantly,,,,,,,,,
2024-11-12T10:26:56.614+03:00,2024-11-12T10:29:01.912+03:00,below_30,secondary,less_than_2_years,less_than_1_acre,no,,,,slightly,never,slightly,slightly_willing,yes,rarely,not_effective,no,no,moderately_satisfied,moderately_accessible,no,very_low,decreased,lack_of_information_exchange,moderately,,,,,,,,,
2024-11-12T10:29:01.963+03:00,2024-11-12T10:43:29.916+03:00,below_30,tertiary,less_than_2_years,1_3_acres,no,,,,slightly,occasionally,slightly,slightly_willing,no,,not_effective,no,no,moderately_satisfied,slightly_accessible,no,very_low,decreased,lack_of_access_to_resources,moderately,,,,,,,,,
2024-11-12T10:43:29.988+03:00,2024-11-12T10:45:40.085+03:00,30_40,primary,2_5_years,1_3_acres,yes,occasionally,significantly,average,completely,frequently,significantly,very_willing,yes,occasionally,very_effective,no,yes,moderately_satisfied,moderately_accessible,yes,moderate,remained_the_same,climate_factors,significantly,,,,,,,,,
2024-11-12T10:45:40.164+03:00,2024-11-12T10:50:23.535+03:00,above_50,no_formal_education,6_10_years,4_6_acres,yes,occasionally,significantly,good,moderately,frequently,moderately,very_willing,yes,rarely,moderately_effective,no,yes,moderately_satisfied,slightly_accessible,yes,moderate,remained_the_same,lack_of_access_to_resources,significantly,,,,,,,,,
2024-11-12T10:50:23.590+03:00,2024-11-25T16:58:23.965+03:00,above_50,primary,6_10_years,4_6_acres,no,,,,moderately,never,slightly,moderately_willing,no,,slightly_effective,no,yes,slightly_satisfied,slightly_accessible,yes,moderate,decreased,lack_of_information_exchange,slightly,,,,,,,,,
2024-11-25T16:58:24.022+03:00,2024-11-30T13:21:13.443+03:00,below_30,no_formal_education,less_than_2_years,less_than_1_acre,yes,never,moderately,good,moderately,never,not_at_all,slightly_willing,no,,moderately_effective,no,no,very_satisfied,moderately_accessible,yes,low,decreased,lack_of_access_to_resources,slightly,,,,,,,,,
2024-12-03T12:52:12.709+03:00,2024-12-03T13:00:31.588+03:00,30_40,secondary,2_5_years,1_3_acres,yes,occasionally,significantly,good,completely,frequently,significantly,very_willing,yes,rarely,moderately_effective,no,yes,slightly_satisfied,slightly_accessible,yes,moderate,increased,climate_factors,significantly,,,,,,,,,
2024-12-03T13:00:31.640+03:00,2024-12-03T13:06:55.380+03:00,below_30,tertiary,2_5_years,1_3_acres,yes,frequently,moderately,good,slightly,frequently,slightly,moderately_willing very_willing,yes,occasionally,moderately_effective,no,yes,slightly_satisfied,moderately_accessible,yes,low,increased,climate_factors,moderately,,,,,,,,,
2024-12-03T13:06:55.407+03:00,2024-12-03T13:10:14.028+03:00,41_50,primary,less_than_2_years,4_6_acres,no,,,,not_at_all,occasionally,significantly,not_willing,yes,never,slightly_effective,no,yes,moderately_satisfied,moderately_accessible,no,very_low,increased,lack_of_access_to_resources lack_of_information_exchange climate_factors,slightly,,,,,,,,,
2024-12-03T13:10:14.066+03:00,2024-12-04T09:33:34.134+03:00,above_50,primary,2_5_years,4_6_acres,yes,frequently,significantly,excellent,completely,always,significantly,very_willing,yes,frequently,very_effective,no,yes,very_satisfied,very_accessible,yes,moderate,increased,climate_factors,significantly,,,,,,,,,
2024-12-04T09:33:34.161+03:00,2024-12-06T15:43:45.652+03:00,30_40,primary,2_5_years,more_than_6_acres,no,,,,completely,occasionally,slightly,moderately_willing,no,,very_effective,no,yes,not_satisfied,not_accessible,yes,very_low,decreased,lack_of_information_exchange,slightly,,,,,,,,,
2024-12-06T15:43:45.679+03:00,2024-12-21T16:20:02.730+03:00,below_30,tertiary,less_than_2_years,1_3_acres,yes,occasionally,slightly,average,slightly,frequently,slightly,slightly_willing,yes,frequently,moderately_effective,no,yes,very_satisfied,very_accessible,yes,moderate,increased,lack_of_information_exchange,moderately,,,,,,,,,
2024-12-21T16:20:02.777+03:00,2024-12-28T13:05:28.609+03:00,below_30,secondary,less_than_2_years,less_than_1_acre,no,,,,slightly,frequently,moderately,moderately_willing,no,,moderately_effective,yes,yes,not_satisfied,not_accessible,no,low,decreased,lack_of_information_exchange,slightly,,,,,,,,,
2024-12-28T13:05:28.636+03:00,2025-01-10T09:30:06.670+03:00,below_30,tertiary,less_than_2_years,1_3_acres,no,,,,moderately,always,significantly,very_willing,no,,slightly_effective,yes,yes,moderately_satisfied,moderately_accessible,yes,moderate,remained_the_same,limited_market_access,significantly,,,,,,,,,
2025-01-10T09:30:06.695+03:00,2025-07-17T13:54:13.994+03:00,30_40,tertiary,2_5_years,1_3_acres,no,,,,not_at_all,occasionally,not_at_all,slightly_willing,no,,slightly_effective,yes,yes,slightly_satisfied,moderately_accessible,no,low,remained_the_same,,slightly,,,,,,,,,
2025-07-17T15:10:43.905+03:00,2025-07-17T15:13:36.064+03:00,below_30,secondary,less_than_2_years,1_3_acres,no,,,,slightly,occasionally,significantly,very_willing,no,,moderately_effective,no,yes,slightly_satisfied,moderately_accessible,yes,low,decreased,lack_of_information_exchange,significantly,,,,,,,,,
2025-07-17T15:06:22.569+03:00,2025-07-17T15:09:21.499+03:00,below_30,no_formal_education,2_5_years,4_6_acres,yes,occasionally,slightly,poor,slightly,never,not_at_all,slightly_willing,no,,moderately_effective,no,yes,not_satisfied moderately_satisfied,slightly_accessible,no,moderate,remained_the_same,lack_of_access_to_resources,moderately,,,,,,,,,
2025-07-17T15:13:36.165+03:00,2025-07-17T15:17:32.814+03:00,41_50,no_formal_education,more_than_10_years,more_than_6_acres,no,,,,moderately,occasionally,moderately,moderately_willing,yes,occasionally,slightly_effective,no,yes,not_satisfied,slightly_accessible,no,very_low,decreased,climate_factors,slightly,,,,,,,,,
2025-07-17T15:17:00.849+03:00,2025-07-17T15:18:09.523+03:00,above_50,no_formal_education,6_10_years,1_3_acres,no,,,,moderately,frequently,moderately,moderately_willing,no,,not_effective,no,yes,moderately_satisfied,moderately_accessible,no,very_low,decreased,limited_market_access,significantly,,,,,,,,,
2025-07-17T15:18:09.548+03:00,2025-07-17T15:19:25.171+03:00,,secondary,6_10_years,4_6_acres,no,,,,not_at_all,never,slightly,not_willing,no,,slightly_effective,no,no,very_satisfied,moderately_accessible,yes,high,increased,limited_market_access,moderately,,,,,,,,,
2025-07-17T15:19:25.195+03:00,2025-07-17T15:20:17.602+03:00,below_30,secondary,more_than_10_years,1_3_acres,no,,,,moderately,frequently,moderately,moderately_willing,no,,slightly_effective,no,no,moderately_satisfied,moderately_accessible,yes,moderate,decreased,climate_factors,moderately,,,,,,,,,
2025-07-17T15:20:17.627+03:00,2025-07-17T15:21:54.548+03:00,below_30,tertiary,less_than_2_years,1_3_acres,yes,occasionally,slightly,poor,moderately,occasionally,slightly,slightly_willing,yes,never,not_effective,no,yes,slightly_satisfied,not_accessible,no,low,decreased,climate_factors,moderately,,,,,,,,,
2025-07-17T15:17:32.915+03:00,2025-07-17T15:22:03.992+03:00,30_40,primary,less_than_2_years,1_3_acres,yes,occasionally,slightly,poor,slightly,frequently,slightly,moderately_willing,yes,occasionally,moderately_effective,no,yes,slightly_satisfied,slightly_accessible,no,very_low,decreased,lack_of_information_exchange,moderately,,,,,,,,,
2025-07-17T15:21:54.571+03:00,2025-07-17T15:22:51.659+03:00,41_50,secondary,less_than_2_years,4_6_acres,no,,,,moderately,frequently,not_at_all,not_willing,no,,not_effective,no,yes,moderately_satisfied,moderately_accessible,no,moderate,remained_the_same,lack_of_access_to_resources,slightly,,,,,,,,,
2025-07-17T15:22:51.680+03:00,2025-07-17T15:24:04.374+03:00,30_40,secondary,6_10_years,1_3_acres,no,,,,slightly,occasionally,moderately,moderately_willing,no,,moderately_effective,no,yes,moderately_satisfied,moderately_accessible,no,very_low,decreased,lack_of_access_to_resources,moderately,,,,,,,,,
2025-07-17T15:24:04.400+03:00,2025-07-17T15:24:58.570+03:00,below_30,secondary,less_than_2_years,less_than_1_acre,no,,,,moderately,never,not_at_all,not_willing,no,,not_effective,no,yes,moderately_satisfied,slightly_accessible,no,low,remained_the_same,lack_of_access_to_resources,moderately,,,,,,,,,
2025-07-17T15:22:04.104+03:00,2025-07-17T15:26:01.618+03:00,above_50,secondary,6_10_years,4_6_acres,no,,,,slightly,occasionally,moderately,slightly_willing,yes,occasionally,slightly_effective,no,yes,moderately_satisfied,slightly_accessible,no,moderate,decreased,limited_market_access,moderately,,,,,,,,,
2025-07-17T15:24:58.594+03:00,2025-07-17T15:26:25.415+03:00,41_50,secondary,6_10_years,1_3_acres,yes,frequently,moderately,average,moderately,frequently,moderately,moderately_willing,yes,rarely,moderately_effective,yes,yes,moderately_satisfied,moderately_accessible,yes,moderate,increased,lack_of_information_exchange,moderately,,,,,,,,,
2025-07-17T15:26:25.437+03:00,2025-07-17T15:27:21.598+03:00,above_50,no_formal_education,6_10_years,1_3_acres,yes,occasionally,moderately,average,moderately,frequently,moderately,moderately_willing,yes,occasionally,moderately_effective,yes,yes,moderately_satisfied,moderately_accessible,yes,moderate,remained_the_same,lack_of_information_exchange,moderately,,,,,,,,,
2025-07-17T15:27:21.627+03:00,2025-07-17T15:28:04.429+03:00,30_40,primary,2_5_years,1_3_acres,no,,,,slightly,never,not_at_all,slightly_willing,no,,slightly_effective,no,yes,slightly_satisfied,slightly_accessible,no,low,decreased,climate_factors,slightly,,,,,,,,,
2025-07-17T15:26:01.726+03:00,2025-07-17T15:29:00.625+03:00,below_30,tertiary,less_than_2_years,4_6_acres,yes,frequently,moderately,average,moderately,occasionally,significantly,very_willing,yes,occasionally,moderately_effective,no,yes,moderately_satisfied,slightly_accessible,yes,moderate,decreased,limited_market_access,moderately,,,,,,,,,
2025-07-17T15:28:04.454+03:00,2025-07-17T15:29:17.408+03:00,below_30,secondary,2_5_years,1_3_acres,yes,occasionally,slightly,good,slightly,occasionally,moderately,moderately_willing,yes,never,slightly_effective,yes,yes,slightly_satisfied,slightly_accessible,yes,moderate,increased,limited_market_access,moderately,,,,,,,,,
2025-07-17T15:29:17.432+03:00,2025-07-17T15:30:27.021+03:00,30_40,secondary,2_5_years,1_3_acres,yes,frequently,moderately,good,moderately,frequently,moderately,very_willing,yes,frequently,moderately_effective,yes,yes,moderately_satisfied,moderately_accessible,yes,moderate,remained_the_same,limited_market_access,moderately,,,,,,,,,
2025-07-17T15:30:27.046+03:00,2025-07-17T15:31:30.450+03:00,below_30,tertiary,less_than_2_years,less_than_1_acre,yes,occasionally,moderately,good,moderately,frequently,moderately,very_willing,yes,frequently,very_effective,yes,yes,very_satisfied,very_accessible,yes,high,increased,climate_factors,significantly,,,,,,,,,
2025-07-17T15:29:00.731+03:00,2025-07-17T15:31:34.009+03:00,30_40,primary,2_5_years,1_3_acres,no,,,,slightly,occasionally,slightly,slightly_willing,no,,slightly_effective,no,yes,slightly_satisfied,slightly_accessible,no,moderate,decreased,lack_of_information_exchange,moderately,,,,,,,,,
2025-07-17T15:31:30.477+03:00,2025-07-17T15:32:22.814+03:00,above_50,no_formal_education,more_than_10_years,4_6_acres,yes,always,significantly,excellent,completely,always,significantly,very_willing,yes,frequently,very_effective,yes,yes,very_satisfied,very_accessible,yes,high,increased,limited_market_access,significantly,,,,,,,,,
2025-07-17T15:31:34.108+03:00,2025-07-17T15:33:00.948+03:00,below_30,secondary,2_5_years,1_3_acres,no,,,,moderately,frequently,slightly,moderately_willing,no,,slightly_effective,no,yes,moderately_satisfied,slightly_accessible,no,moderate,increased,climate_factors,slightly,,,,,,,,,
2025-07-17T15:32:22.839+03:00,2025-07-17T15:33:08.932+03:00,30_40,tertiary,2_5_years,4_6_acres,yes,occasionally,slightly,poor,slightly,occasionally,slightly,slightly_willing,,,moderately_effective,yes,no,slightly_satisfied,slightly_accessible,no,moderate,remained_the_same,lack_of_access_to_resources,moderately,,,,,,,,,
2025-07-17T15:33:08.957+03:00,2025-07-17T15:33:42.260+03:00,30_40,secondary,6_10_years,4_6_acres,no,,,,moderately,frequently,moderately,moderately_willing,no,,moderately_effective,no,no,moderately_satisfied,slightly_accessible,no,moderate,decreased,climate_factors,slightly,,,,,,,,,
2025-07-17T15:33:01.141+03:00,2025-07-17T15:35:20.628+03:00,30_40,secondary,2_5_years,4_6_acres,no,,,,moderately,occasionally,slightly,slightly_willing,no,,slightly_effective,no,yes,slightly_satisfied,slightly_accessible,no,,decreased,lack_of_access_to_resources,moderately,,,,,,,,,
2025-07-17T15:14:58.061+03:00,2025-07-17T15:16:51.858+03:00,below_30,primary,less_than_2_years,less_than_1_acre 1_3_acres,yes,frequently,slightly,good,completely,occasionally,moderately,moderately_willing,yes,rarely occasionally,moderately_effective,yes,no,slightly_satisfied,slightly_accessible,no,moderate,remained_the_same,limited_market_access,slightly,,,,,,,,,
2025-07-17T15:35:20.922+03:00,2025-07-17T15:38:30.530+03:00,below_30,tertiary,less_than_2_years,1_3_acres,yes,occasionally,slightly,average,slightly,frequently,slightly,slightly_willing,no,,slightly_effective,yes,no,moderately_satisfied,slightly_accessible,yes,moderate,decreased,lack_of_information_exchange,slightly,,,,,,,,,
2025-07-17T15:38:30.726+03:00,2025-07-17T15:39:46.301+03:00,30_40,tertiary,2_5_years,1_3_acres,no,,,,slightly,occasionally,slightly,slightly_willing,no,,slightly_effective,no,yes,moderately_satisfied,slightly_accessible,yes,moderate,decreased,lack_of_information_exchange,slightly,,,,,,,,,
2025-07-17T15:39:46.396+03:00,2025-07-17T15:41:13.921+03:00,41_50,secondary,6_10_years,more_than_6_acres,no,,,,moderately,occasionally,slightly,slightly_willing,no,,moderately_effective,no,yes,slightly_satisfied,slightly_accessible,yes,moderate,decreased,climate_factors,moderately,,,,,,,,,
2025-07-17T15:41:14.027+03:00,2025-07-17T15:42:41.483+03:00,30_40,secondary,2_5_years,4_6_acres,no,,,,moderately,occasionally,slightly,slightly_willing,no,,moderately_effective,no,yes,slightly_satisfied,slightly_accessible,,moderate,decreased,lack_of_information_exchange,slightly,,,,,,,,,
2025-07-17T15:42:41.592+03:00,2025-07-17T15:43:45.879+03:00,30_40,tertiary,6_10_years,1_3_acres,no,,,,moderately,occasionally,slightly,slightly_willing,no,,slightly_effective,no,yes,slightly_satisfied,slightly_accessible,no,moderate,increased,lack_of_information_exchange,moderately,,,,,,,,,
2025-07-17T15:43:46.005+03:00,2025-07-17T15:46:34.174+03:00,above_50,tertiary,more_than_10_years,more_than_6_acres,no,,,,moderately,frequently,significantly,very_willing,yes,occasionally,moderately_effective,no,yes,slightly_satisfied,moderately_accessible,yes,moderate,increased,limited_market_access,moderately,,,,,,,,,
2025-07-17T15:46:34.270+03:00,2025-07-17T15:48:13.023+03:00,below_30,secondary,less_than_2_years,1_3_acres,no,,,,slightly,occasionally,slightly,very_willing,no,,slightly_effective,no,yes,moderately_satisfied,slightly_accessible,yes,moderate,decreased,lack_of_information_exchange,moderately,,,,,,,,,
2025-07-17T15:48:13.116+03:00,2025-07-17T15:49:49.913+03:00,41_50,secondary,6_10_years,4_6_acres,no,,,,moderately,occasionally,slightly,moderately_willing,no,,slightly_effective,no,yes,slightly_satisfied,moderately_accessible,no,moderate,increased,lack_of_information_exchange,slightly,,,,,,,,,
2025-07-17T15:49:50.010+03:00,2025-07-17T15:50:52.489+03:00,30_40,secondary,2_5_years,1_3_acres,no,,,,moderately,occasionally,slightly,slightly_willing,no,,slightly_effective,no,yes,slightly_satisfied,moderately_accessible,no,moderate,decreased,lack_of_information_exchange,slightly,,,,,,,,,
2025-07-17T15:50:52.590+03:00,2025-07-17T15:52:08.688+03:00,30_40,secondary,2_5_years,1_3_acres,no,,,,moderately,occasionally,slightly,slightly_willing,no,,slightly_effective,no,yes,moderately_satisfied,slightly_accessible,no,moderate,decreased,lack_of_information_exchange,moderately,,,,,,,,,
2025-07-17T13:54:14.020+03:00,2025-07-17T15:53:15.473+03:00,30_40,primary,2_5_years,1_3_acres,yes,frequently,moderately,good,moderately,frequently,moderately,moderately_willing,yes,occasionally,moderately_effective,yes,yes,moderately_satisfied,moderately_accessible,yes,moderate,remained_the_same,limited_market_access,moderately,,,,,,,,,
2025-07-17T15:52:08.780+03:00,2025-07-17T15:53:56.445+03:00,41_50,secondary,6_10_years,1_3_acres,no,,,,moderately,occasionally,slightly,moderately_willing,no,,moderately_effective,no,yes,slightly_satisfied,slightly_accessible,yes,moderate,decreased,lack_of_access_to_resources,slightly,,,,,,,,,
2025-07-17T15:53:56.538+03:00,2025-07-17T15:56:13.035+03:00,41_50,secondary,6_10_years,4_6_acres,no,,,,moderately,occasionally,slightly,slightly_willing,no,,moderately_effective,no,yes,slightly_satisfied,slightly_accessible,no,low,decreased,lack_of_information_exchange,slightly,,,,,,,,,
2025-07-17T15:56:13.147+03:00,2025-07-17T15:57:46.989+03:00,30_40,tertiary,2_5_years,1_3_acres,no,,,,moderately,frequently,moderately,moderately_willing,no,,moderately_effective,no,yes,slightly_satisfied,slightly_accessible,yes,moderate,decreased,lack_of_information_exchange,slightly,,,,,,,,,
2025-07-17T15:57:47.085+03:00,2025-07-17T15:58:52.128+03:00,30_40,secondary,2_5_years,4_6_acres,no,,,,slightly,occasionally,slightly,slightly_willing,no,,slightly_effective,no,yes,slightly_satisfied,slightly_accessible,no,low,decreased,lack_of_information_exchange,slightly,,,,,,,,,
2025-07-17T15:58:52.228+03:00,2025-07-17T16:00:54.260+03:00,below_30,secondary,less_than_2_years,less_than_1_acre,no,,,,slightly,occasionally,moderately,moderately_willing,no,,slightly_effective,no,yes,slightly_satisfied,slightly_accessible,yes,low,remained_the_same,limited_market_access,slightly,,,,,,,,,
2025-07-17T16:00:54.731+03:00,2025-07-17T16:02:12.513+03:00,30_40,secondary,2_5_years,1_3_acres,no,,,,slightly,occasionally,slightly,slightly_willing,no,,slightly_effective,no,yes,slightly_satisfied,slightly_accessible,no,moderate,remained_the_same,lack_of_information_exchange,slightly,,,,,,,,,
2025-07-17T15:53:15.511+03:00,2025-07-17T16:02:53.564+03:00,below_30,secondary,,4_6_acres,yes,frequently,moderately,good,moderately,always,significantly,very_willing,no,,moderately_effective,no,no,not_satisfied,slightly_accessible,no,moderate,remained_the_same,limited_market_access,moderately,,,,,,,,,
2025-07-17T16:02:12.785+03:00,2025-07-17T16:03:40.335+03:00,41_50,secondary,6_10_years,4_6_acres,no,,,,moderately,occasionally,moderately,slightly_willing,no,,slightly_effective,no,yes,slightly_satisfied,slightly_accessible,no,moderate,decreased,lack_of_information_exchange,slightly,,,,,,,,,
2025-07-17T16:02:53.602+03:00,2025-07-17T16:03:56.204+03:00,30_40,secondary,2_5_years,1_3_acres,no,,,,moderately,never,not_at_all,very_willing,no,,slightly_effective,no,yes,moderately_satisfied,slightly_accessible,no,moderate,remained_the_same,climate_factors,moderately,,,,,,,,,
2025-07-17T16:03:56.228+03:00,2025-07-17T16:04:51.256+03:00,41_50,tertiary,2_5_years,1_3_acres,yes,frequently,slightly,average,moderately,frequently,moderately,moderately_willing,yes,rarely,slightly_effective,yes,yes,slightly_satisfied,slightly_accessible,yes,moderate,remained_the_same,limited_market_access,moderately,,,,,,,,,
2025-07-17T16:03:40.524+03:00,2025-07-17T16:04:52.755+03:00,30_40,secondary,2_5_years,4_6_acres,no,,,,slightly,occasionally,moderately,slightly_willing,no,,moderately_effective,no,yes,slightly_satisfied,slightly_accessible,yes,low,decreased,lack_of_information_exchange,moderately,,,,,,,,,
2025-07-17T16:04:51.281+03:00,2025-07-17T16:05:58.831+03:00,above_50,no_formal_education,6_10_years,4_6_acres,no,,,,slightly,never,significantly,very_willing,no,,slightly_effective,no,yes,moderately_satisfied,not_accessible,yes,low,decreased,lack_of_access_to_resources,slightly,,,,,,,,,
2025-07-17T16:04:52.872+03:00,2025-07-17T16:06:39.638+03:00,above_50,tertiary,more_than_10_years,more_than_6_acres,no,,,,moderately,frequently,moderately,moderately_willing,no,,not_effective,no,no,moderately_satisfied,moderately_accessible,no,moderate,increased,lack_of_information_exchange,slightly,,,,,,,,,
2025-07-17T16:06:39.840+03:00,2025-07-17T16:08:25.183+03:00,41_50,secondary,6_10_years,4_6_acres,no,,,,moderately,occasionally,moderately,moderately_willing,no,,moderately_effective,no,yes,slightly_satisfied,slightly_accessible,yes,moderate,increased,lack_of_information_exchange,moderately,,,,,,,,,
2025-07-17T16:05:58.857+03:00,2025-07-17T16:08:32.878+03:00,30_40,primary,2_5_years,1_3_acres,no,,,,moderately,frequently,moderately,moderately_willing,no,,moderately_effective,no,no,moderately_satisfied,slightly_accessible,no,low,decreased,lack_of_access_to_resources,slightly,,,,,,,,,
2025-07-17T16:08:32.911+03:00,2025-07-17T16:09:27.399+03:00,41_50,secondary,2_5_years,1_3_acres,no,,,,slightly,frequently,moderately,moderately_willing,no,,slightly_effective,yes,no,moderately_satisfied,moderately_accessible,no,low,decreased,lack_of_information_exchange,slightly,,,,,,,,,
2025-07-17T16:08:25.279+03:00,2025-07-17T16:09:41.208+03:00,30_40,secondary,2_5_years,4_6_acres,no,,,,moderately,occasionally,moderately,moderately_willing,no,,not_effective,no,yes,moderately_satisfied,slightly_accessible,yes,low,decreased,lack_of_information_exchange,moderately,,,,,,,,,
2025-07-17T16:09:41.324+03:00,2025-07-17T16:11:04.810+03:00,below_30,tertiary,less_than_2_years,1_3_acres,,,,,slightly,occasionally,slightly,moderately_willing,no,,slightly_effective,no,yes,slightly_satisfied,slightly_accessible,yes,moderate,remained_the_same,limited_market_access,slightly,,,,,,,,,
2025-07-17T16:09:27.424+03:00,2025-07-17T16:11:26.629+03:00,41_50,secondary,2_5_years,1_3_acres,yes,occasionally,moderately,average,moderately,frequently,moderately,moderately_willing,yes,rarely,slightly_effective,yes,yes,moderately_satisfied,moderately_accessible,yes,moderate,remained_the_same,climate_factors,moderately,,,,,,,,,
2025-07-17T16:11:26.683+03:00,2025-07-17T16:12:22.357+03:00,above_50,secondary,2_5_years,4_6_acres,no,,,,moderately,frequently,moderately,moderately_willing,no,,slightly_effective,no,no,slightly_satisfied,moderately_accessible,no,moderate,remained_the_same,climate_factors,slightly,,,,,,,,,
2025-07-17T16:11:04.901+03:00,2025-07-17T16:12:26.022+03:00,30_40,primary,2_5_years,1_3_acres,,,,,moderately,occasionally,moderately,slightly_willing,no,,slightly_effective,yes,yes,slightly_satisfied,slightly_accessible,yes,moderate,increased,climate_factors,slightly,,,,,,,,,
2025-07-17T16:12:22.380+03:00,2025-07-17T16:13:02.975+03:00,41_50,secondary,2_5_years,4_6_acres,no,,,,moderately,frequently,moderately,slightly_willing,no,,slightly_effective,no,no,moderately_satisfied,moderately_accessible,no,moderate,decreased,climate_factors,moderately,,,,,,,,,
2025-07-17T16:13:03.002+03:00,2025-07-17T16:13:43.189+03:00,30_40,secondary,6_10_years,4_6_acres,no,,,,moderately,frequently,moderately,moderately_willing,no,,moderately_effective,no,no,moderately_satisfied,slightly_accessible,no,low,decreased,climate_factors,slightly,,,,,,,,,
2025-07-17T16:12:26.120+03:00,2025-07-17T16:13:54.375+03:00,below_30,secondary,less_than_2_years,1_3_acres,no,,,,slightly,occasionally,slightly,slightly_willing,no,,not_effective,no,yes,slightly_satisfied,slightly_accessible,yes,moderate,decreased,lack_of_access_to_resources,slightly,,,,,,,,,
2025-07-17T16:13:54.484+03:00,2025-07-17T16:15:21.956+03:00,30_40,tertiary,2_5_years,1_3_acres,no,,,,moderately,occasionally,slightly,slightly_willing,no,,slightly_effective,no,,slightly_satisfied,slightly_accessible,yes,moderate,increased,lack_of_information_exchange,moderately,,,,,,,,,
2025-07-17T16:15:22.045+03:00,2025-07-17T16:17:24.918+03:00,30_40,secondary,2_5_years,1_3_acres,no,,,,moderately,occasionally,slightly,slightly_willing,no,,not_effective,no,yes,slightly_satisfied,slightly_accessible,yes,moderate,increased,limited_market_access,significantly,,,,,,,,,
2025-07-17T16:13:48.510+03:00,2025-07-17T16:18:50.773+03:00,30_40,secondary,2_5_years,1_3_acres,yes,occasionally,moderately,average,moderately,occasionally,moderately,moderately_willing,no,,slightly_effective,no,yes,slightly_satisfied,slightly_accessible,yes,moderate,remained_the_same,limited_market_access,moderately,,,,,,,,,
2025-07-17T16:17:25.014+03:00,2025-07-17T16:18:52.172+03:00,30_40,secondary,2_5_years,1_3_acres,no,,,,slightly,occasionally,slightly,slightly_willing,no,,slightly_effective,no,yes,slightly_satisfied,slightly_accessible,yes,moderate,increased,lack_of_information_exchange,slightly,,,,,,,,,
2025-07-17T16:18:50.800+03:00,2025-07-17T16:19:33.435+03:00,41_50,secondary,2_5_years,4_6_acres,yes,always,significantly,excellent,completely,always,significantly,very_willing,yes,occasionally,moderately_effective,yes,yes,very_satisfied,moderately_accessible,yes,high,remained_the_same,limited_market_access,significantly,,,,,,,,,
2025-07-17T16:18:52.263+03:00,2025-07-17T16:19:45.304+03:00,30_40,secondary,2_5_years,1_3_acres,,,,,slightly,occasionally,slightly,slightly_willing,no,,moderately_effective,no,yes,moderately_satisfied,slightly_accessible,yes,low,decreased,lack_of_access_to_resources,moderately,,,,,,,,,
2025-07-17T16:19:33.459+03:00,2025-07-17T16:20:30.983+03:00,41_50,no_formal_education,less_than_2_years,less_than_1_acre,no,,,,slightly,occasionally,slightly,slightly_willing,no,,not_effective,no,yes,not_satisfied,not_accessible,no,low,decreased,lack_of_access_to_resources,not_at_all,,,,,,,,,
2025-07-17T16:19:45.386+03:00,2025-07-17T16:20:55.580+03:00,above_50,tertiary,more_than_10_years,more_than_6_acres,no,,,,moderately,frequently,moderately,moderately_willing,no,,moderately_effective,no,yes,moderately_satisfied,slightly_accessible,yes,moderate,increased,limited_market_access,moderately,,,,,,,,,
2025-07-17T16:20:31.007+03:00,2025-07-17T16:21:13.440+03:00,above_50,tertiary,2_5_years,less_than_1_acre,no,,,,not_at_all,occasionally,slightly,not_willing,no,,not_effective,no,yes,not_satisfied,not_accessible,no,low,decreased,lack_of_information_exchange,not_at_all,,,,,,,,,
2025-07-17T16:20:55.686+03:00,2025-07-17T16:21:53.608+03:00,below_30,tertiary,less_than_2_years,1_3_acres,,,,,slightly,occasionally,slightly,slightly_willing,no,,slightly_effective,no,yes,slightly_satisfied,moderately_accessible,yes,low,decreased,lack_of_information_exchange,moderately,,,,,,,,,
2025-07-17T16:21:13.464+03:00,2025-07-17T16:22:01.457+03:00,30_40,secondary,2_5_years,1_3_acres,no,,,,slightly,occasionally,slightly,slightly_willing,no,,not_effective,no,no,slightly_satisfied,slightly_accessible,yes,low,decreased,lack_of_access_to_resources,not_at_all,,,,,,,,,
2025-07-17T16:22:01.480+03:00,2025-07-17T16:22:34.036+03:00,41_50,secondary,2_5_years,4_6_acres,no,,,,slightly,occasionally,not_at_all,not_willing,no,,slightly_effective,no,yes,slightly_satisfied,not_accessible,no,moderate,decreased,climate_factors,moderately,,,,,,,,,
2025-07-17T16:21:53.708+03:00,2025-07-17T16:22:45.552+03:00,30_40,secondary,2_5_years,1_3_acres,no,,,,moderately,occasionally,slightly,slightly_willing,no,,moderately_effective,no,yes,slightly_satisfied,slightly_accessible,yes,low,decreased,lack_of_information_exchange,slightly,,,,,,,,,
2025-07-17T16:22:34.058+03:00,2025-07-17T16:23:17.602+03:00,30_40,secondary,6_10_years,4_6_acres,yes,always,significantly,excellent,completely,always,significantly,very_willing,yes,occasionally,moderately_effective,yes,yes,very_satisfied,very_accessible,yes,moderate,remained_the_same,limited_market_access,significantly,,,,,,,,,
2025-07-17T16:23:17.625+03:00,2025-07-17T16:24:02.590+03:00,41_50,secondary,2_5_years,4_6_acres,yes,occasionally,moderately,good,moderately,occasionally,moderately,moderately_willing,yes,rarely,moderately_effective,yes,yes,moderately_satisfied,moderately_accessible,yes,moderate,remained_the_same,lack_of_access_to_resources,moderately,,,,,,,,,
2025-07-17T16:24:02.614+03:00,2025-07-17T16:25:15.514+03:00,below_30,secondary,2_5_years,4_6_acres,yes,frequently,slightly,average,moderately,frequently,moderately,moderately_willing,yes,occasionally,slightly_effective,yes,yes,moderately_satisfied,moderately_accessible,yes,moderate,remained_the_same,climate_factors,moderately,,,,,,,,,
2025-07-17T16:22:45.651+03:00,2025-07-17T16:25:31.754+03:00,30_40,secondary,2_5_years,1_3_acres,no,,,,slightly,occasionally,slightly,slightly_willing,no,,slightly_effective,no,yes,slightly_satisfied,slightly_accessible,no,low,increased,lack_of_information_exchange,slightly,,,,,,,,,
2025-07-17T15:38:14.521+03:00,2025-07-17T15:39:11.510+03:00,below_30,no_formal_education,less_than_2_years,less_than_1_acre,no,,,,moderately,frequently,slightly,very_willing,yes,rarely,not_effective,yes,yes,moderately_satisfied,moderately_accessible,no,very_low,increased decreased,climate_factors,slightly,,,,,,,,,
2025-07-17T16:27:24.114+03:00,2025-07-17T16:28:57.373+03:00,30_40,secondary,2_5_years,1_3_acres,no,,,,slightly,occasionally,slightly,very_willing,no,,not_effective,no,yes,moderately_satisfied,slightly_accessible,yes,low,remained_the_same,lack_of_information_exchange,slightly,,,,,,,,,
2025-07-17T16:25:31.860+03:00,2025-07-17T16:34:23.402+03:00,30_40,no_formal_education,2_5_years,1_3_acres,no,,,,slightly,occasionally,slightly,slightly_willing,no,,slightly_effective,no,yes,slightly_satisfied,slightly_accessible,yes,low,decreased,lack_of_access_to_resources,slightly,,,,,,,,,
2025-07-17T16:25:15.542+03:00,2025-07-17T16:35:36.719+03:00,30_40,no_formal_education,less_than_2_years,4_6_acres,yes,occasionally,moderately,average,moderately,frequently,moderately,moderately_willing,yes,occasionally,moderately_effective,yes,yes,moderately_satisfied,moderately_accessible,no,moderate,remained_the_same,limited_market_access,moderately,,,,,,,,,
2025-07-17T16:34:23.728+03:00,2025-07-17T16:35:37.773+03:00,41_50,no_formal_education,2_5_years,4_6_acres,no,,,,slightly,occasionally,slightly,slightly_willing,no,,slightly_effective,no,yes,slightly_satisfied,slightly_accessible,yes,moderate,increased,lack_of_information_exchange,slightly,,,,,,,,,
2025-07-17T16:35:36.748+03:00,2025-07-17T16:36:07.796+03:00,41_50,no_formal_education,2_5_years,4_6_acres,no,,,,slightly,frequently,moderately,moderately_willing,no,,very_effective,no,yes,moderately_satisfied,slightly_accessible,no,low,decreased,lack_of_access_to_resources,slightly,,,,,,,,,
2025-07-17T16:35:37.885+03:00,2025-07-17T16:36:43.894+03:00,30_40,no_formal_education,2_5_years,1_3_acres,no,,,,slightly,occasionally,slightly,slightly_willing,no,,slightly_effective,,yes,slightly_satisfied,slightly_accessible,yes,low,decreased,lack_of_access_to_resources,slightly,,,,,,,,,
2025-07-17T16:36:07.820+03:00,2025-07-17T16:36:45.476+03:00,above_50,tertiary,more_than_10_years,more_than_6_acres,no,,,,moderately,frequently,moderately,slightly_willing,no,,slightly_effective,yes,yes,not_satisfied,slightly_accessible,no,moderate,remained_the_same,climate_factors,moderately,,,,,,,,,
2025-07-17T16:36:45.500+03:00,2025-07-17T16:37:32.853+03:00,41_50,no_formal_education,2_5_years,4_6_acres,no,,,,completely,frequently,slightly,not_willing,no,,not_effective,no,yes,slightly_satisfied,slightly_accessible,no,low,decreased,lack_of_access_to_resources,moderately,,,,,,,,,
2025-07-17T16:37:32.877+03:00,2025-07-17T16:38:11.337+03:00,30_40,no_formal_education,2_5_years,1_3_acres,no,,,,slightly,frequently,moderately,slightly_willing,no,,slightly_effective,yes,yes,slightly_satisfied,slightly_accessible,no,low,decreased,climate_factors,moderately,,,,,,,,,
2025-07-17T16:36:43.997+03:00,2025-07-17T16:38:15.937+03:00,41_50,no_formal_education,2_5_years,1_3_acres,no,,,,slightly,occasionally,slightly,moderately_willing,no,,slightly_effective,no,yes,slightly_satisfied,moderately_accessible,yes,low,decreased,lack_of_information_exchange,moderately,,,,,,,,,
2025-07-17T16:38:11.363+03:00,2025-07-17T16:38:49.102+03:00,41_50,no_formal_education,6_10_years,1_3_acres,no,,,,slightly,occasionally,slightly,slightly_willing,no,,slightly_effective,no,yes,slightly_satisfied,slightly_accessible,yes,moderate,remained_the_same,lack_of_access_to_resources,,,,,,,,,,
2025-07-17T16:38:16.039+03:00,2025-07-17T16:39:10.502+03:00,30_40,no_formal_education,2_5_years,1_3_acres,no,,,,slightly,occasionally,slightly,slightly_willing,no,,not_effective,no,yes,slightly_satisfied,slightly_accessible,no,low,decreased,lack_of_information_exchange,slightly,,,,,,,,,
2025-07-17T16:38:49.127+03:00,2025-07-17T16:39:59.529+03:00,41_50,no_formal_education,2_5_years,1_3_acres,no,,,,slightly,occasionally,slightly,slightly_willing,no,,slightly_effective,no,no,slightly_satisfied,slightly_accessible,no,moderate,remained_the_same,lack_of_access_to_resources,moderately,,,,,,,,,
2025-07-17T16:39:10.599+03:00,2025-07-17T16:40:08.399+03:00,41_50,no_formal_education,6_10_years,1_3_acres,,,,,slightly,occasionally,slightly,moderately_willing,no,,not_effective,no,yes,slightly_satisfied,slightly_accessible,yes,low,decreased,lack_of_information_exchange,slightly,,,,,,,,,
2025-07-17T16:40:08.503+03:00,2025-07-17T16:41:51.092+03:00,30_40,secondary,2_5_years,1_3_acres,no,,,,slightly,occasionally,slightly,slightly_willing,no,,slightly_effective,no,yes,slightly_satisfied,slightly_accessible,yes,low,decreased,lack_of_information_exchange,slightly,,,,,,,,,
2025-07-17T16:39:59.556+03:00,2025-07-17T16:42:49.032+03:00,41_50,no_formal_education,2_5_years,4_6_acres,no,,,,moderately,occasionally,moderately,moderately_willing,no,,moderately_effective,no,yes,moderately_satisfied,slightly_accessible,no,moderate,remained_the_same,limited_market_access,moderately,,,,,,,,,
2025-07-17T16:41:51.194+03:00,2025-07-17T16:43:13.137+03:00,30_40,secondary,2_5_years,1_3_acres,no,,,,slightly,occasionally,slightly,slightly_willing,no,,slightly_effective,no,yes,slightly_satisfied,slightly_accessible,yes,moderate,increased,lack_of_information_exchange,slightly,,,,,,,,,
2025-07-17T16:42:49.063+03:00,2025-07-17T16:44:23.244+03:00,30_40,no_formal_education,2_5_years,4_6_acres,no,,,,slightly,occasionally,slightly,slightly_willing,no,,slightly_effective,no,yes,moderately_satisfied,slightly_accessible,no,moderate,remained_the_same,limited_market_access,moderately,,,,,,,,,
2025-07-17T16:43:13.240+03:00,2025-07-17T16:45:00.196+03:00,30_40,no_formal_education,less_than_2_years,1_3_acres,no,,,,slightly,occasionally,slightly,slightly_willing,no,,slightly_effective,no,yes,slightly_satisfied,moderately_accessible,yes,low,decreased,lack_of_information_exchange,slightly,,,,,,,,,
2025-07-17T16:44:23.300+03:00,2025-07-17T16:45:09.462+03:00,below_30,no_formal_education,less_than_2_years,less_than_1_acre,no,,,,slightly,never,slightly,very_willing,no,,slightly_effective,yes,yes,slightly_satisfied,slightly_accessible,yes,very_low,decreased,lack_of_access_to_resources,not_at_all,,,,,,,,,
2025-07-17T16:45:00.330+03:00,2025-07-17T16:46:25.280+03:00,below_30,no_formal_education,less_than_2_years,1_3_acres,no,,,,slightly,occasionally,slightly,slightly_willing,no,,not_effective,no,yes,slightly_satisfied,slightly_accessible,yes,low,decreased,lack_of_information_exchange,moderately,,,,,,,,,
2025-07-17T16:45:09.487+03:00,2025-07-17T16:46:37.075+03:00,below_30,no_formal_education,less_than_2_years,less_than_1_acre,no,,,,not_at_all,occasionally,slightly,slightly_willing,no,,slightly_effective,no,no,slightly_satisfied,slightly_accessible,no,moderate,remained_the_same,lack_of_access_to_resources,moderately,,,,,,,,,
2025-07-17T16:46:25.413+03:00,2025-07-17T16:49:24.080+03:00,30_40,no_formal_education,less_than_2_years,less_than_1_acre,no,,,,slightly,occasionally,slightly,slightly_willing,no,,not_effective,no,yes,slightly_satisfied,slightly_accessible,yes,low,decreased,lack_of_access_to_resources,slightly,,,,,,,,,
2025-07-17T16:49:24.173+03:00,2025-07-17T16:50:31.001+03:00,41_50,no_formal_education,2_5_years,1_3_acres,no,,,,slightly,occasionally,slightly,slightly_willing,no,,slightly_effective,no,yes,slightly_satisfied,slightly_accessible,no,low,decreased,climate_factors,slightly,,,,,,,,,
2025-07-17T16:50:31.093+03:00,2025-07-17T16:51:30.339+03:00,30_40,no_formal_education,2_5_years,1_3_acres,no,,,,slightly,occasionally,slightly,slightly_willing,no,,slightly_effective,no,no,slightly_satisfied,slightly_accessible,yes,moderate,remained_the_same,lack_of_information_exchange,moderately,,,,,,,,,
2025-07-17T16:51:30.439+03:00,2025-07-17T16:52:26.758+03:00,30_40,,2_5_years,4_6_acres,no,,,,slightly,occasionally,slightly,slightly_willing,no,,not_effective,no,yes,slightly_satisfied,slightly_accessible,yes,low,decreased,lack_of_access_to_resources,slightly,,,,,,,,,
2025-07-17T16:46:37.101+03:00,2025-07-17T16:53:29.802+03:00,below_30,no_formal_education,2_5_years,1_3_acres,no,,,,moderately,frequently,moderately,slightly_willing,no,,slightly_effective,yes,yes,slightly_satisfied,slightly_accessible,no,moderate,remained_the_same,climate_factors,moderately,,,,,,,,,
2025-07-17T16:52:26.865+03:00,2025-07-17T16:54:25.193+03:00,30_40,no_formal_education,2_5_years,1_3_acres,no,,,,slightly,occasionally,slightly,slightly_willing,no,,not_effective,no,yes,slightly_satisfied,slightly_accessible,yes,moderate,remained_the_same,lack_of_information_exchange,slightly,,,,,,,,,
2025-07-17T16:54:25.302+03:00,2025-07-17T16:55:15.740+03:00,30_40,no_formal_education,less_than_2_years,1_3_acres,no,,,,slightly,occasionally,slightly,slightly_willing,no,,slightly_effective,no,yes,slightly_satisfied,slightly_accessible,yes,low,decreased,lack_of_access_to_resources,slightly,,,,,,,,,
2025-07-17T16:53:29.869+03:00,2025-07-17T16:55:44.889+03:00,41_50,no_formal_education,2_5_years,1_3_acres,no,,,,moderately,frequently,moderately,moderately_willing,yes,occasionally,moderately_effective,yes,yes,slightly_satisfied,slightly_accessible,yes,low,decreased,lack_of_information_exchange,slightly,,,,,,,,,
2025-07-17T16:55:15.836+03:00,2025-07-17T16:56:08.867+03:00,30_40,no_formal_education,2_5_years,1_3_acres,no,,,,slightly,occasionally,slightly,slightly_willing,no,,slightly_effective,no,yes,slightly_satisfied,slightly_accessible,yes,moderate,increased,lack_of_information_exchange,slightly,,,,,,,,,
2025-07-17T16:55:44.916+03:00,2025-07-17T16:56:26.759+03:00,30_40,no_formal_education,6_10_years,1_3_acres,,,,,not_at_all,occasionally,slightly,slightly_willing,no,,slightly_effective,no,yes,moderately_satisfied,slightly_accessible,yes,low,decreased,lack_of_access_to_resources,slightly,,,,,,,,,
2025-07-17T16:56:26.792+03:00,2025-07-17T16:57:03.392+03:00,below_30,no_formal_education,less_than_2_years,1_3_acres,no,,,,not_at_all,occasionally,not_at_all,slightly_willing,no,,slightly_effective,no,yes,slightly_satisfied,slightly_accessible,no,low,decreased,lack_of_access_to_resources,moderately,,,,,,,,,
2025-07-17T16:56:08.984+03:00,2025-07-17T16:57:10.853+03:00,above_50,primary,6_10_years,4_6_acres,no,,,,slightly,occasionally,slightly,slightly_willing,no,,not_effective,yes,yes,slightly_satisfied,slightly_accessible,yes,moderate,increased,climate_factors,slightly,,,,,,,,,
2025-07-17T16:57:10.962+03:00,2025-07-17T16:58:02.002+03:00,30_40,primary,2_5_years,1_3_acres,no,,,,slightly,occasionally,slightly,slightly_willing,no,,not_effective,no,yes,slightly_satisfied,slightly_accessible,yes,moderate,decreased,lack_of_access_to_resources,slightly,,,,,,,,,
2025-07-17T16:58:02.102+03:00,2025-07-17T16:59:19.674+03:00,below_30,no_formal_education,less_than_2_years,1_3_acres,no,,,,slightly,occasionally,slightly,slightly_willing,no,,not_effective,yes,yes,slightly_satisfied,slightly_accessible,yes,low,increased,lack_of_access_to_resources,moderately,,,,,,,,,
2025-07-17T16:57:03.414+03:00,2025-07-17T16:59:38.295+03:00,41_50,no_formal_education,6_10_years,1_3_acres,no,,,,slightly,occasionally,slightly,not_willing,no,,slightly_effective,no,yes,slightly_satisfied,slightly_accessible,no,very_low,decreased,lack_of_access_to_resources,moderately,,,,,,,,,
2025-07-17T16:59:19.776+03:00,2025-07-17T17:01:36.628+03:00,41_50,primary,2_5_years,1_3_acres,no,,,,slightly,frequently,moderately,moderately_willing,no,,not_effective,no,yes,slightly_satisfied,slightly_accessible,yes,low,decreased,lack_of_information_exchange,slightly,,,,,,,,,
2025-07-17T16:59:38.339+03:00,2025-07-17T17:02:21.318+03:00,30_40,no_formal_education,2_5_years,1_3_acres,no,,,,moderately,frequently,slightly,slightly_willing,no,,slightly_effective,no,yes,slightly_satisfied,slightly_accessible,no,low,decreased,lack_of_access_to_resources,slightly,,,,,,,,,
2025-07-17T17:01:36.723+03:00,2025-07-17T17:02:43.802+03:00,below_30,primary,less_than_2_years,1_3_acres,no,,,,slightly,occasionally,slightly,slightly_willing,no,,not_effective,yes,yes,slightly_satisfied,moderately_accessible,yes,moderate,increased,lack_of_information_exchange,slightly,,,,,,,,,
2025-07-17T17:02:21.356+03:00,2025-07-17T17:03:13.023+03:00,above_50,no_formal_education,6_10_years,4_6_acres,yes,occasionally,slightly,average,moderately,frequently,moderately,moderately_willing,yes,occasionally,moderately_effective,yes,yes,moderately_satisfied,very_accessible,yes,high,increased,limited_market_access,moderately,,,,,,,,,
2025-07-17T17:02:43.914+03:00,2025-07-17T17:03:51.179+03:00,41_50,primary,less_than_2_years,1_3_acres,no,,,,moderately,occasionally,slightly,very_willing,no,,slightly_effective,yes,yes,slightly_satisfied,slightly_accessible,yes,low,decreased,lack_of_access_to_resources,slightly,,,,,,,,,
2025-07-17T17:03:13.049+03:00,2025-07-17T17:04:22.164+03:00,below_30,no_formal_education,2_5_years,more_than_6_acres,yes,always,significantly,excellent,completely,always,significantly,very_willing,yes,frequently,very_effective,yes,yes,very_satisfied,moderately_accessible,yes,moderate,increased,climate_factors,moderately,,,,,,,,,
2025-07-17T17:04:22.189+03:00,2025-07-17T17:05:16.420+03:00,30_40,no_formal_education,2_5_years,1_3_acres,no,,,,slightly,occasionally,not_at_all,not_willing,no,,slightly_effective,no,yes,slightly_satisfied,moderately_accessible,yes,moderate,remained_the_same,limited_market_access,moderately,,,,,,,,,
2025-07-17T17:03:51.282+03:00,2025-07-17T17:06:02.413+03:00,above_50,no_formal_education,2_5_years,1_3_acres,no,,,,slightly,frequently,moderately,moderately_willing,no,,slightly_effective,no,yes,slightly_satisfied,slightly_accessible,yes,low,decreased,limited_market_access,slightly,,,,,,,,,
2025-07-17T17:05:17.912+03:00,2025-07-17T17:08:48.511+03:00,below_30,primary,less_than_2_years,1_3_acres,no,,,,slightly,frequently,slightly,slightly_willing,no,,moderately_effective,no,yes,slightly_satisfied,slightly_accessible,yes,low,decreased,lack_of_information_exchange,significantly,,,,,,,,,
2025-07-17T17:08:48.711+03:00,2025-07-17T17:10:10.209+03:00,30_40,primary,2_5_years,1_3_acres,no,,,,slightly,occasionally,slightly,slightly_willing,no,,slightly_effective,no,yes,moderately_satisfied,moderately_accessible,yes,moderate,increased,lack_of_access_to_resources,moderately,,,,,,,,,
2025-07-17T17:10:10.305+03:00,2025-07-17T17:13:49.200+03:00,41_50,no_formal_education,6_10_years,1_3_acres,no,,,,moderately,frequently,slightly,moderately_willing,no,,slightly_effective,no,yes,slightly_satisfied,moderately_accessible,no,low,decreased,lack_of_information_exchange,slightly,,,,,,,,,
2025-07-17T17:13:49.313+03:00,2025-07-17T17:14:57.000+03:00,below_30,primary,2_5_years,1_3_acres,no,,,,moderately,occasionally,moderately,moderately_willing,no,,slightly_effective,no,yes,moderately_satisfied,slightly_accessible,yes,low,decreased,lack_of_information_exchange,slightly,,,,,,,,,
2025-07-17T17:05:16.444+03:00,2025-07-17T17:15:58.496+03:00,below_30,no_formal_education,less_than_2_years,4_6_acres,yes,always,significantly,excellent,moderately,frequently,moderately,moderately_willing,yes,occasionally,moderately_effective,yes,yes,very_satisfied,moderately_accessible,yes,moderate,remained_the_same,climate_factors,slightly,,,,,,,,,
2025-07-17T17:14:57.110+03:00,2025-07-17T17:16:29.298+03:00,below_30,no_formal_education,2_5_years,1_3_acres,no,,,,slightly,frequently,slightly,slightly_willing,no,,slightly_effective,no,yes,slightly_satisfied,slightly_accessible,yes,low,decreased,lack_of_information_exchange,slightly,,,,,,,,,
2025-07-17T17:15:58.522+03:00,2025-07-17T17:16:49.896+03:00,below_30,no_formal_education,less_than_2_years,less_than_1_acre,no,,,,slightly,occasionally,slightly,very_willing,no,,not_effective,no,yes,slightly_satisfied,moderately_accessible,no,very_low,decreased,climate_factors,moderately,,,,,,,,,
2025-07-17T17:16:49.919+03:00,2025-07-17T17:17:22.118+03:00,below_30,no_formal_education,2_5_years,1_3_acres,,,,,slightly,occasionally,moderately,moderately_willing,no,,slightly_effective,no,yes,moderately_satisfied,very_accessible,no,moderate,remained_the_same,lack_of_access_to_resources,slightly,,,,,,,,,
2025-07-17T17:16:29.394+03:00,2025-07-17T17:17:38.063+03:00,41_50,primary,6_10_years,1_3_acres,no,,,,moderately,frequently,slightly,slightly_willing,no,,not_effective,no,yes,slightly_satisfied,moderately_accessible,no,low,decreased,lack_of_information_exchange,slightly,,,,,,,,,
2025-07-17T17:17:22.140+03:00,2025-07-17T17:18:19.506+03:00,41_50,no_formal_education,2_5_years,1_3_acres,no,,,,slightly,occasionally,not_at_all,slightly_willing,yes,rarely,slightly_effective,no,yes,slightly_satisfied,slightly_accessible,no,moderate,decreased,climate_factors,moderately,,,,,,,,,
2025-07-17T17:18:19.530+03:00,2025-07-17T17:18:48.941+03:00,30_40,no_formal_education,2_5_years,1_3_acres,no,,,,moderately,frequently,slightly,slightly_willing,no,,moderately_effective,no,yes,slightly_satisfied,slightly_accessible,no,low,decreased,climate_factors,slightly,,,,,,,,,
2025-07-17T17:17:38.182+03:00,2025-07-17T17:20:17.969+03:00,30_40,no_formal_education,2_5_years,1_3_acres,no,,,,slightly,occasionally,slightly,very_willing,no,,not_effective,no,yes,moderately_satisfied,moderately_accessible,yes,very_low,decreased,lack_of_information_exchange,significantly,,,,,,,,,
2025-07-17T17:18:48.964+03:00,2025-07-17T17:21:42.816+03:00,above_50,no_formal_education,more_than_10_years,4_6_acres,yes,always,significantly,excellent,completely,always,significantly,very_willing,yes,frequently,very_effective,yes,yes,very_satisfied,very_accessible,yes,high,increased,lack_of_access_to_resources,moderately,,,,,,,,,
